Geslacht,BMI,Woon,StapEst,ErvFASub1[Q],ErvFASub2[Q],ErvFA,DagZwa1,TijdZwa1[Uur],TijdZwa1[Min],DagMat1,TijdMat1[Uur],TijdMat1[Min],DagWan1,TijdWan1[Uur],TijdWan1[Min],IPAQTOT1,TijdZit1[Uur],TijdZit1[Min],Attitu[1],Attitu[2],AttituTot,SocOmg[1],SocOmg[2],SocOmgTot,ZelfEff[1],ZelfEff[2],ZelfEff[3],ZelfEff[4],ZelfEff[5],ZelfEff[6],ZelfEff[7],ZelfEff[8],ZelfEff[9],ZelfEff[10],ZelfEffTot,BeweegRichtlijn,Systeem,StapAantal[1],StapAantal[2],StapAantal[3],StapAantal[4],StapAantal[5],StapAantal[6],StapAantal[7],Comment[1],Comment[2],Comment[3],Comment[4],Comment[5],Comment[6],Comment[7],DagZwa2,TijdZwa2[Uur],TijdZwa2[Min],DagMat2,TijdMat2[Uur],TijdMat2[Min],DagWan2,TijdWan2[Uur],TijdWan2[Min],IPAQTOT2,TijdZit2[Uur],TijdZit2[Min]
,23.0,Thuiswonend,4500.0,5.0,5.0,5.0,1.0,1.0,30.0,5.0,0.0,25.0,7.0,0.0,45.0,2259.5,10.0,0.0,6.0,5.0,5.5,6.0,6.0,6.0,Altijd waar,Altijd waar,Altijd waar,Soms waar,Altijd waar,Zelden waar,Zelden waar,Altijd waar,Soms waar,Zelden waar,32.0,Nee,,,,,,,,,,,,,,,,,,,,,,,,,,,
Vrouw,21.7,Uitwonend,7000.0,6.0,5.0,5.5,2.0,,30.0,7.0,1.0,,7.0,,20.0,2622.0,8.0,,7.0,7.0,7.0,6.0,5.0,5.5,Altijd waar,Altijd waar,Soms waar,Soms waar,Soms waar,Soms waar,Altijd waar,Altijd waar,Altijd waar,Altijd waar,36.0,Ja,smartphone,4825.0,385.0,2049.0,1020.0,3068.0,9936.0,6560.0,,,,,,,20 min workout,1.0,,20.0,6.0,,15.0,3.0,,20.0,718.0,10.0,
Man,22.3,Uitwonend,10000.0,4.0,6.0,5.0,4.0,1.0,50.0,3.0,1.0,30.0,7.0,0.0,50.0,5755.0,6.0,20.0,6.0,4.0,5.0,2.0,5.0,3.5,Altijd waar,Soms waar,Altijd waar,Altijd waar,Altijd waar,Altijd waar,Altijd waar,Altijd waar,Altijd waar,Soms waar,38.0,Ja,Telefoon,5900.0,7965.0,6490.0,8034.0,3413.0,6388.0,9657.0,,,,,,,,4.0,1.0,30.0,4.0,1.0,20.0,7.0,0.0,30.0,4853.0,7.0,30.0
Man,26.1,Thuiswonend,2000.0,0.0,0.0,0.0,7.0,2.0,30.0,0.0,,,7.0,8.0,0.0,19488.0,8.0,0.0,7.0,7.0,7.0,7.0,7.0,7.0,Helemaal niet waar,Altijd waar,Helemaal niet waar,Altijd waar,Altijd waar,Altijd waar,Altijd waar,Altijd waar,Altijd waar,Altijd waar,34.0,Ja,smartphone,13402.0,15605.0,18367.0,2056.0,5023.0,21463.0,19643.0,,,,,,,,5.0,3.0,,7.0,2.0,20.0,7.0,1.0,,12506.0,8.0,
Vrouw,21.5,Uitwonend,8500.0,6.0,4.0,5.0,3.0,1.0,0.0,7.0,0.0,45.0,5.0,0.0,50.0,3525.0,5.0,0.0,5.0,7.0,6.0,5.0,5.0,5.0,Altijd waar,Altijd waar,Soms waar,Soms waar,Soms waar,Soms waar,Altijd waar,Altijd waar,Altijd waar,Altijd waar,36.0,Ja,,,,,,,,,,,,,,,,,,,,,,,,,,,
,22.5,,,3.0,5.0,4.0,3.0,1.0,30.0,3.0,1.0,,7.0,1.0,,4266.0,6.0,,7.0,7.0,7.0,2.0,4.0,3.0,Altijd waar,Altijd waar,Altijd waar,Soms waar,Zelden waar,Altijd waar,Altijd waar,Altijd waar,Altijd waar,Zelden waar,35.0,Ja,,,,,,,,,,,,,,,,,,,,,,,,,,,
Vrouw,17.9,Thuiswonend,10000.0,6.0,6.0,6.0,4.0,1.0,30.0,7.0,1.0,30.0,7.0,1.0,,6786.0,4.0,,7.0,7.0,7.0,6.0,6.0,6.0,Altijd waar,Altijd waar,Altijd waar,Altijd waar,Altijd waar,Altijd waar,Altijd waar,Altijd waar,Altijd waar,Altijd waar,40.0,Ja,Met een garmin venu 3s horloge.,8003.0,5207.0,849.0,8359.0,17537.0,8533.0,11394.0,,,,,,,,3.0,1.0,0.0,2.0,1.0,0.0,6.0,0.0,45.0,2811.0,4.0,30.0
Man,20.7,Thuiswonend,9500.0,7.0,6.0,6.5,4.0,2.0,,3.0,3.0,,7.0,1.0,,7386.0,6.0,,6.0,6.0,6.0,2.0,6.0,4.0,Soms waar,Altijd waar,Altijd waar,Soms waar,Soms waar,Soms waar,Altijd waar,Altijd waar,Soms waar,Soms waar,34.0,Ja,Smartphone ,11196.0,12454.0,9668.0,12852.0,6746.0,5713.0,15268.0,,,,,,,,4.0,1.0,45.0,7.0,2.0,,7.0,1.0,30.0,8799.0,5.0,
Vrouw,18.8,Uitwonend,8000.0,4.0,5.0,4.5,2.0,4.0,0.0,5.0,2.0,0.0,5.0,1.0,30.0,7725.0,4.0,0.0,7.0,6.0,6.5,4.0,5.0,4.5,Altijd waar,Soms waar,Soms waar,Soms waar,Zelden waar,Zelden waar,Altijd waar,Soms waar,Soms waar,Zelden waar,29.0,Ja,,,,,,,,,,,,,,,,,,,,,,,,,,,
Vrouw,21.2,Uitwonend,8500.0,3.0,3.0,3.0,2.0,1.0,,2.0,1.0,,7.0,1.0,,2826.0,6.0,,6.0,6.0,6.0,6.0,4.0,5.0,Altijd waar,Altijd waar,Altijd waar,Altijd waar,Soms waar,Altijd waar,Altijd waar,Altijd waar,Altijd waar,Altijd waar,39.0,Nee,,,,,,,,,,,,,,,,,,,,,,,,,,,
Vrouw,218.0,Thuiswonend,7000.0,4.0,5.0,4.5,3.0,1.0,30.0,6.0,1.0,30.0,7.0,1.0,0.0,5706.0,7.0,,5.0,6.0,5.5,5.0,4.0,4.5,Soms waar,Altijd waar,Soms waar,Soms waar,Soms waar,Altijd waar,Altijd waar,Altijd waar,Soms waar,Altijd waar,35.0,Nee,Smartphone,6542.0,8151.0,8568.0,2887.0,495.0,5285.0,9224.0,,,,,"Ja, ik heb de gehele dag thuis rondgelopen maar heb mijn telefoon telkens laten liggen. Dit waren telkens maar een paar minuten dat ik stappen aan het zetten was, maar dit is wel meerdere keren op de dag voorkomen. Naar mijn schatting minstens 20 keer.",,,4.0,1.0,,5.0,6.0,,4.0,0.0,20.0,9384.0,4.0,
Man,19.7,Thuiswonend,7000.0,5.0,6.0,5.5,4.0,1.0,30.0,3.0,0.0,30.0,6.0,0.0,40.0,4032.0,6.0,0.0,7.0,6.0,6.5,4.0,6.0,5.0,Altijd waar,Altijd waar,Soms waar,Soms waar,Altijd waar,Soms waar,Altijd waar,Altijd waar,Soms waar,Soms waar,35.0,Nee,smartphone,1835.0,6053.0,12641.0,1843.0,3111.0,3987.0,4504.0,"ja (stappen tijdens werken horeca, 3 uur)","ja (stappen tijdens voetbaltraining, 1.5 uur)","ja (stappen tijdens werken horeca, 3 uur)","ja (stappen tijdens werken horeca, 4 uur)","ja (stappen tijdens werken horeca, 3 uur)",nee,"ja (stappen tijdens voetbalwedstrijd, 2 uur)",4.0,2.0,0.0,6.0,,,7.0,,,3840.0,7.0,0.0
Man,23.0,Thuiswonend,10000.0,5.0,5.0,5.0,3.0,2.0,0.0,4.0,1.0,,6.0,1.0,30.0,5622.0,4.0,30.0,5.0,5.0,5.0,5.0,5.0,5.0,Soms waar,Altijd waar,Soms waar,Soms waar,Soms waar,Zelden waar,Altijd waar,Altijd waar,Altijd waar,Altijd waar,34.0,Ja,smartphone,4674.0,7382.0,2412.0,7914.0,18700.0,6280.0,6538.0,,,,,,,,5.0,1.0,15.0,6.0,0.0,20.0,3.0,,15.0,3628.5,4.0,
,22.6,Uitwonend,10000.0,3.0,3.0,3.0,2.0,2.0,,7.0,1.0,,5.0,1.0,,4590.0,6.0,,6.0,6.0,6.0,6.0,4.0,5.0,Altijd waar,Altijd waar,Soms waar,Soms waar,Soms waar,Altijd waar,Altijd waar,Altijd waar,Altijd waar,Soms waar,36.0,Ja,Smartphone,9647.0,9969.0,1454.0,3906.0,3529.0,10711.0,8045.0,,"Hockeytraining, 1,5 uur",,,,,"Hockeytraining, 1,5 uur",3.0,1.0,30.0,7.0,0.0,40.0,5.0,0.0,30.0,3775.0,5.0,0.0
Vrouw,23.2,Uitwonend,7000.0,2.0,1.0,1.5,1.0,2.0,30.0,2.0,1.0,0.0,6.0,1.0,20.0,3264.0,6.0,0.0,4.0,5.0,4.5,6.0,4.0,5.0,Altijd waar,Soms waar,Soms waar,Soms waar,Altijd waar,Altijd waar,Altijd waar,Zelden waar,Soms waar,Soms waar,33.0,Nee,telefoon,6369.0,9705.0,4363.0,2816.0,3392.0,3230.0,9427.0,,,,,,,,0.0,,,3.0,5.0,0.0,3.0,0.0,30.0,3897.0,9.0,0.0
Vrouw,22.3,Uitwonend,7000.0,2.0,2.0,2.0,1.0,2.0,0.0,5.0,,20.0,6.0,,20.0,1756.0,7.0,,7.0,7.0,7.0,4.0,6.0,5.0,Altijd waar,Altijd waar,Soms waar,Soms waar,Zelden waar,Soms waar,Soms waar,Altijd waar,Soms waar,Altijd waar,33.0,Nee,Smartphone,5320.0,6371.0,9505.0,9008.0,9084.0,8053.0,7212.0,,,,,,,,0.0,,,5.0,,20.0,7.0,,15.0,746.5,6.0,
Man,17.8,Thuiswonend,8500.0,3.0,2.0,2.5,0.0,,,0.0,,,4.0,,,0.0,,,4.0,5.0,4.5,,5.0,2.5,Soms waar,Altijd waar,Zelden waar,Soms waar,Zelden waar,Soms waar,Soms waar,Altijd waar,Soms waar,Altijd waar,31.0,Nee,android smartphone,4052.0,2709.0,4588.0,1644.0,1137.0,2411.0,3851.0,,,,,,,,0.0,,,0.0,,,2.0,,17.0,112.2,,
Vrouw,30.0,Uitwonend,6500.0,2.0,2.0,2.0,1.0,,,4.0,0.0,45.0,4.0,0.0,45.0,1314.0,8.0,0.0,5.0,5.0,5.0,4.0,4.0,4.0,Altijd waar,Altijd waar,Soms waar,Soms waar,Zelden waar,Zelden waar,Soms waar,Soms waar,Soms waar,Zelden waar,29.0,Nee,Smartphone,4857.0,5468.0,5644.0,6097.0,3556.0,6019.0,9832.0,,,,,,,,0.0,,,5.0,1.0,0.0,2.0,2.0,0.0,1992.0,6.0,0.0
Man,19.5,Uitwonend,4000.0,5.0,5.0,5.0,0.0,,,6.0,0.0,25.0,2.0,,15.0,699.0,5.0,12.0,6.0,7.0,6.5,4.0,6.0,5.0,Altijd waar,Soms waar,Soms waar,Soms waar,Zelden waar,Zelden waar,Altijd waar,Altijd waar,Altijd waar,Soms waar,32.0,Nee,Telefoon,4566.0,6546.0,4835.0,1721.0,2110.0,4695.0,6319.0,Ja,Ja,Ja,Ja,Ja,Ja,Ja,2.0,1.0,30.0,6.0,0.0,20.0,2.0,0.0,12.0,1999.2,7.0,
Vrouw,20.0,Thuiswonend,7500.0,3.0,3.0,3.0,2.0,1.0,,3.0,1.0,,7.0,,45.0,2719.5,8.0,,6.0,6.0,6.0,5.0,4.0,4.5,Altijd waar,Altijd waar,Altijd waar,Altijd waar,Soms waar,Altijd waar,Altijd waar,Altijd waar,Altijd waar,Altijd waar,39.0,Nee,Smartphone,4471.0,5233.0,4088.0,2683.0,7296.0,4210.0,9296.0,,,,,,,,0.0,,,3.0,,,7.0,,15.0,346.5,8.0,
Vrouw,21.5,Thuiswonend,6000.0,3.0,2.0,2.5,0.0,,,3.0,0.0,30.0,5.0,,45.0,1102.5,8.0,,4.0,6.0,5.0,4.0,3.0,3.5,Altijd waar,Soms waar,Soms waar,Zelden waar,Zelden waar,Zelden waar,Soms waar,Soms waar,Soms waar,Soms waar,28.0,Nee,telefoon,11069.0,5540.0,3605.0,2076.0,5678.0,8564.0,8104.0,,,7 uur gewerkt,10 uur gewerkt,,,,0.0,,,1.0,1.0,,5.0,1.0,,1230.0,8.0,
Man,30.0,Uitwonend,6000.0,3.0,1.0,2.0,3.0,1.0,0.0,6.0,0.0,55.0,2.0,1.0,0.0,3156.0,8.0,20.0,5.0,5.0,5.0,3.0,4.0,3.5,Soms waar,Altijd waar,Altijd waar,Soms waar,Altijd waar,Soms waar,Zelden waar,Altijd waar,Soms waar,Zelden waar,32.0,Nee,Smartphone,4492.0,9866.0,4815.0,1310.0,2600.0,3905.0,4852.0,,,"Wandelen/lopen, minimaal uur",Meerdere uren lopen (rustig tempo),,30 minuten traplopen,,0.0,,,5.0,,35.0,3.0,1.0,,1294.0,9.0,
Vrouw,22.8,Thuiswonend,9000.0,4.0,4.0,4.0,3.0,1.0,0.0,5.0,1.0,,7.0,30.0,,44220.0,4.0,,4.0,7.0,5.5,4.0,3.0,3.5,Altijd waar,Altijd waar,Altijd waar,Altijd waar,Altijd waar,Altijd waar,Altijd waar,Altijd waar,Altijd waar,Altijd waar,40.0,Ja,Apple Watch,12358.0,8006.0,16430.0,6391.0,13098.0,6780.0,11340.0,Nee,Nee,Nee,Nee,Nee,Nee,Nee,4.0,0.0,45.0,3.0,,30.0,7.0,,50.0,2955.0,,200.0
Man,20.6,Uitwonend,7000.0,5.0,5.0,5.0,4.0,1.0,,7.0,,40.0,7.0,,20.0,3502.0,8.0,,6.0,6.0,6.0,2.0,2.0,2.0,Soms waar,Soms waar,Zelden waar,Soms waar,Helemaal niet waar,Zelden waar,Altijd waar,Soms waar,Altijd waar,Zelden waar,27.0,Ja,iPhone - gezondheidapp,12842.0,9058.0,11397.0,14961.0,7445.0,9062.0,10345.0,,,,,,,,5.0,0.0,50.0,5.0,,20.0,7.0,2.0,,5172.0,8.0,30.0
Vrouw,20.5,Uitwonend,10000.0,7.0,6.0,6.5,2.0,2.0,0.0,6.0,,30.0,4.0,1.0,,3432.0,5.0,,6.0,6.0,6.0,5.0,5.0,5.0,Altijd waar,Altijd waar,Altijd waar,Altijd waar,Soms waar,Altijd waar,Altijd waar,Altijd waar,Altijd waar,Soms waar,38.0,Ja,smartphone,12602.0,11999.0,4317.0,7649.0,7336.0,9415.0,14374.0,"niet perse, alleen in huis toen mijn telefoon aan de oplader lag","hockeytraining van 2 uur, intensief",mijn telefoon was een deel van de dag leeg en ik had helaas geen oplader,,hockeywedstrijd van anderhalf uur met daarvoor nog half uur warming up ,,hockeytraining 2 uur,3.0,2.0,,4.0,,30.0,4.0,,45.0,3954.0,6.0,30.0
Man,24.8,Uitwonend,10000.0,5.0,4.0,4.5,3.0,1.0,15.0,3.0,0.0,30.0,5.0,0.0,30.0,2655.0,4.0,0.0,6.0,6.0,6.0,6.0,5.0,5.5,Altijd waar,Soms waar,Altijd waar,Soms waar,Soms waar,Zelden waar,Soms waar,Altijd waar,Altijd waar,Altijd waar,34.0,Ja,,,,,,,,,,,,,,,,,,,,,,,,,,,
Man,30.0,Thuiswonend,7500.0,5.0,4.0,4.5,2.0,2.0,0.0,3.0,1.0,30.0,7.0,2.0,30.0,6465.0,6.0,0.0,6.0,6.0,6.0,5.0,2.0,3.5,Altijd waar,Soms waar,Soms waar,Altijd waar,Soms waar,Altijd waar,Soms waar,Altijd waar,Zelden waar,Soms waar,33.0,Ja,smartphone,12365.0,8791.0,8109.0,4844.0,8231.0,7342.0,10099.0,nvt,nvt,nvt,Ik ging voor ongeveer 2 uurtjes shoppen in rotterdam,nvt,nvt,nvt,1.0,2.0,0.0,3.0,2.0,30.0,7.0,1.0,30.0,4839.0,6.0,0.0
Man,21.0,Uitwonend,8000.0,5.0,4.0,4.5,1.0,0.0,50.0,6.0,0.0,30.0,3.0,0.0,20.0,1318.0,6.0,0.0,6.0,5.0,5.5,4.0,3.0,3.5,Altijd waar,Altijd waar,Altijd waar,Soms waar,Altijd waar,Altijd waar,Altijd waar,Altijd waar,Soms waar,Altijd waar,38.0,Nee,,,,,,,,,,,,,,,,,,,,,,,,,,,
,19.5,,6000.0,2.0,2.0,2.0,0.0,,,4.0,1.0,0.0,7.0,3.0,0.0,5118.0,7.0,30.0,4.0,3.0,3.5,5.0,3.0,4.0,Soms waar,Altijd waar,Altijd waar,Soms waar,Zelden waar,Soms waar,Soms waar,Altijd waar,Soms waar,Soms waar,32.0,Nee,iphone,4827.0,5100.0,8400.0,5900.0,3100.0,6400.0,5200.0,"lopen zonder telefoon, half uur","lopen zonder telefoon, half uur","lopen zonder telefoon, half uur",,,"lopen zonder telefoon, half uur","lopen zonder telefoon, half uur",0.0,,,3.0,0.0,30.0,7.0,1.0,0.0,1746.0,9.0,0.0
Man,22.0,Thuiswonend,6000.0,6.0,6.0,6.0,2.0,2.0,0.0,3.0,1.0,30.0,7.0,0.0,15.0,3346.5,7.0,30.0,6.0,5.0,5.5,2.0,5.0,3.5,Altijd waar,Altijd waar,Altijd waar,Soms waar,Soms waar,Soms waar,Altijd waar,Soms waar,Altijd waar,Soms waar,35.0,Ja,iphone,6606.0,5265.0,5568.0,2214.0,7104.0,5191.0,5065.0,"voetbaltraining, 1 uur",,,"Tennis, 1,5 uur",,"voetbaltraining, 1 uur",,4.0,1.0,30.0,3.0,,30.0,7.0,,20.0,3702.0,9.0,
Vrouw,20.4,Uitwonend,6000.0,4.0,5.0,4.5,3.0,1.0,0.0,5.0,0.0,30.0,7.0,1.0,0.0,3426.0,7.0,0.0,7.0,7.0,7.0,6.0,5.0,5.5,Soms waar,Altijd waar,Altijd waar,Altijd waar,Soms waar,Soms waar,Altijd waar,Altijd waar,Altijd waar,Altijd waar,37.0,Nee,apple smartwatch,6489.0,9747.0,8724.0,12738.0,13245.0,6341.0,10508.0,,,,,,,,3.0,1.0,0.0,5.0,0.0,30.0,7.0,1.0,0.0,3426.0,7.0,0.0
Vrouw,23.0,Thuiswonend,7200.0,6.0,5.0,5.5,4.0,1.0,30.0,6.0,0.0,40.0,7.0,,,3840.0,6.0,30.0,6.0,6.0,6.0,3.0,5.0,4.0,Soms waar,Altijd waar,Soms waar,Soms waar,Soms waar,Soms waar,Soms waar,Soms waar,Altijd waar,Zelden waar,31.0,Ja,smartphone,11673.0,7547.0,3320.0,11510.0,12528.0,10761.0,10646.0,,,werken in de bediening in druk restaurant. duur= 8 uur(waarvan 5 super druk),,,"hardlopen, duur=10 minuten(ongeveer 1600 stappen)","lopen, duur=30 minuten(ongeveer 4000 stappen)",5.0,1.0,30.0,7.0,,25.0,7.0,1.0,,5686.0,7.0,30.0
Vrouw,22.0,Thuiswonend,7000.0,4.0,0.0,2.0,1.0,,,2.0,,15.0,7.0,,20.0,582.0,4.0,30.0,5.0,6.0,5.5,3.0,3.0,3.0,Altijd waar,Altijd waar,Soms waar,Soms waar,Zelden waar,Soms waar,Altijd waar,Altijd waar,Altijd waar,Altijd waar,35.0,Nee,smartphone,10320.0,6796.0,15999.0,5907.0,14795.0,9889.0,5998.0,nee,nee,nee,nee,nee,nee,nee,1.0,1.0,30.0,5.0,,30.0,7.0,,45.0,2359.5,6.0,
Man,20.0,Uitwonend,8000.0,6.0,5.0,5.5,2.0,1.0,,0.0,,,6.0,1.0,,2148.0,8.0,,6.0,4.0,5.0,4.0,4.0,4.0,Altijd waar,Altijd waar,Soms waar,Soms waar,Soms waar,Soms waar,Altijd waar,Altijd waar,Altijd waar,Altijd waar,36.0,Nee,Smartwatch,14932.0,7633.0,6474.0,7013.0,4749.0,5146.0,6621.0,,,,,,,,2.0,,,,,,,,,0.0,,
Man,19.6,Uitwonend,7000.0,3.0,3.0,3.0,1.0,0.0,30.0,7.0,1.0,0.0,7.0,0.0,20.0,2382.0,4.0,0.0,5.0,6.0,5.5,3.0,5.0,4.0,Altijd waar,Soms waar,Altijd waar,Soms waar,Soms waar,Soms waar,Soms waar,Altijd waar,Soms waar,Soms waar,33.0,Nee,iphone,3381.0,7341.0,6547.0,1112.0,4112.0,4150.0,5113.0,,,,,,,,0.0,,,1.0,0.0,30.0,7.0,0.0,20.0,582.0,4.0,0.0
Vrouw,18.4,Thuiswonend,5000.0,6.0,6.0,6.0,3.0,1.0,30.0,5.0,0.0,30.0,3.0,0.0,15.0,2908.5,5.0,0.0,6.0,7.0,6.5,6.0,5.0,5.5,Soms waar,Altijd waar,Altijd waar,Soms waar,Soms waar,Soms waar,Altijd waar,Altijd waar,Altijd waar,Soms waar,35.0,Ja,iPhone,3079.0,4212.0,4071.0,5692.0,8918.0,3357.0,3067.0,nee,"ja tijdens werk, ongeveer 2 uur",nee,nee,nee,nee,nee,3.0,1.0,30.0,2.0,0.0,25.0,4.0,2.0,0.0,3944.0,7.0,30.0
Vrouw,19.3,Uitwonend,50000.0,2.0,2.0,2.0,3.0,5.0,0.0,1.0,0.0,20.0,4.0,0.0,15.0,7478.0,10.0,0.0,6.0,6.0,6.0,1.0,3.0,2.0,Soms waar,Soms waar,Soms waar,Soms waar,Zelden waar,Zelden waar,Zelden waar,Soms waar,Zelden waar,Soms waar,26.0,Nee,Smartwatch,11645.0,11548.0,12066.0,2757.0,1867.0,3120.0,8871.0,25 km geskied,43 km geskied,33 km geskied,,,,4 km hardgelopen,4.0,4.0,47.0,3.0,,20.0,7.0,,20.0,9886.0,10.0,
Vrouw,21.0,Thuiswonend,,5.0,4.0,4.5,3.0,1.0,30.0,6.0,,45.0,7.0,1.0,,4626.0,,,6.0,6.0,6.0,5.0,6.0,5.5,Altijd waar,Altijd waar,Altijd waar,Altijd waar,Altijd waar,Soms waar,Soms waar,Altijd waar,Soms waar,Soms waar,36.0,Ja,"apple watch, smartwatch",8575.0,12236.0,11451.0,9308.0,8427.0,8287.0,12530.0,,,,,,,,2.0,,30.0,6.0,,45.0,5.0,,30.0,2055.0,7.0,
Vrouw,23.7,Uitwonend,8000.0,5.0,3.0,4.0,0.0,,,5.0,0.0,45.0,6.0,0.0,40.0,1692.0,3.0,,6.0,6.0,6.0,6.0,4.0,5.0,Soms waar,Altijd waar,Soms waar,Soms waar,Altijd waar,Soms waar,Altijd waar,Altijd waar,Altijd waar,Altijd waar,36.0,Nee,apple telefoon,5405.0,9215.0,9197.0,10616.0,12125.0,8965.0,12960.0,,,,,,,,0.0,,,4.0,1.0,0.0,5.0,0.0,45.0,1702.5,6.0,
Vrouw,20.5,Uitwonend,7500.0,4.0,5.0,4.5,2.0,1.0,30.0,5.0,0.0,30.0,,,,2040.0,,,6.0,6.0,6.0,5.0,5.0,5.0,Soms waar,Altijd waar,Soms waar,Soms waar,Altijd waar,Altijd waar,Altijd waar,Altijd waar,Soms waar,Altijd waar,36.0,Ja,iPhone,7823.0,3234.0,14046.0,8972.0,1703.0,6842.0,10604.0,,,,,,,,1.0,1.0,30.0,3.0,0.0,15.0,7.0,0.0,25.0,1477.5,9.0,0.0
,21.5,Thuiswonend,10000.0,6.0,6.0,6.0,3.0,1.0,30.0,5.0,2.0,0.0,6.0,1.0,30.0,6342.0,9.0,30.0,6.0,7.0,6.5,5.0,4.0,4.5,Altijd waar,Altijd waar,Altijd waar,Altijd waar,Soms waar,Soms waar,Altijd waar,Altijd waar,Soms waar,Altijd waar,37.0,Ja,FitBit,7611.0,11930.0,7496.0,3527.0,1706.0,7951.0,7293.0,,,,"3500, dans ong 45 minuten intensief","6000, dans ong 90 minuten",,,4.0,1.0,30.0,5.0,4.0,0.0,7.0,3.0,0.0,11838.0,8.0,0.0
Vrouw,24.0,Uitwonend,7000.0,4.0,4.0,4.0,3.0,1.0,0.0,3.0,0.0,20.0,3.0,0.0,20.0,1878.0,6.0,0.0,6.0,6.0,6.0,4.0,5.0,4.5,Soms waar,Altijd waar,Altijd waar,Soms waar,Soms waar,Soms waar,Altijd waar,Altijd waar,Altijd waar,Altijd waar,36.0,Ja,smartwatch,5105.0,5814.0,6046.0,5555.0,7898.0,10611.0,7639.0,,,,,,,,2.0,1.0,,5.0,,20.0,5.0,,20.0,1690.0,8.0,
Vrouw,18.6,Uitwonend,10000.0,4.0,3.0,3.5,0.0,,,2.0,0.0,20.0,7.0,2.0,0.0,2932.0,4.0,,5.0,4.0,4.5,4.0,3.0,3.5,Soms waar,Soms waar,Soms waar,Soms waar,Soms waar,Soms waar,Altijd waar,Altijd waar,Soms waar,Soms waar,32.0,Ja,smartphone,9247.0,16749.0,15474.0,33753.0,11210.0,8083.0,16160.0,,,,,,,,0.0,,,3.0,4.0,,7.0,1.0,,4266.0,2.0,
Vrouw,21.0,Thuiswonend,8700.0,4.0,5.0,4.5,3.0,1.0,,5.0,0.0,45.0,7.0,0.0,30.0,3033.0,9.0,,5.0,6.0,5.5,4.0,5.0,4.5,Soms waar,Altijd waar,Altijd waar,Altijd waar,Altijd waar,Soms waar,Soms waar,Altijd waar,Soms waar,Zelden waar,34.0,Ja,smartphone,10239.0,9607.0,10888.0,13265.0,10716.0,11738.0,8297.0,"krachttraining, 1 uur",,,,,,"krachttraining, 1 uur",3.0,1.0,0.0,4.0,2.0,0.0,5.0,0.0,45.0,4102.5,6.0,0.0
Man,21.0,Thuiswonend,4500.0,3.0,1.0,2.0,1.0,0.0,30.0,3.0,0.0,20.0,5.0,0.0,30.0,975.0,7.0,0.0,6.0,6.0,6.0,2.0,2.0,2.0,Altijd waar,Soms waar,Soms waar,Soms waar,Altijd waar,Soms waar,Soms waar,Soms waar,Soms waar,Zelden waar,31.0,Nee,Stappenteller op smartphone,709.0,4229.0,4562.0,1103.0,843.0,7822.0,3106.0,,,,,,,,1.0,,30.0,4.0,,20.0,4.0,,15.0,758.0,7.0,
Vrouw,19.4,Uitwonend,8000.0,6.0,5.0,5.5,3.0,1.0,45.0,7.0,0.0,30.0,6.0,0.0,10.0,3558.0,,,6.0,6.0,6.0,6.0,5.0,5.5,Soms waar,Soms waar,Soms waar,Altijd waar,Altijd waar,Soms waar,Altijd waar,Soms waar,Altijd waar,Soms waar,34.0,Ja,Garmin smartwatch,16601.0,6705.0,7951.0,10313.0,5870.0,13227.0,8761.0,,,,,,,,3.0,1.0,10.0,7.0,,30.0,5.0,,25.0,2932.5,8.0,
,23.3,Uitwonend,8000.0,5.0,4.0,4.5,4.0,1.0,0.0,7.0,2.0,0.0,6.0,1.0,0.0,6468.0,7.0,0.0,7.0,7.0,7.0,3.0,4.0,3.5,Altijd waar,Altijd waar,Soms waar,Soms waar,Zelden waar,Zelden waar,Altijd waar,Altijd waar,Altijd waar,Altijd waar,34.0,Ja,Iphone: StepsApp,6929.0,11049.0,7905.0,12639.0,7953.0,7726.0,15236.0,,,,,,,,3.0,,30.0,4.0,,30.0,7.0,1.0,,2586.0,6.0,
Vrouw,21.6,Thuiswonend,5000.0,4.0,5.0,4.5,2.0,0.0,30.0,3.0,0.0,30.0,5.0,0.0,45.0,1582.5,8.0,,6.0,6.0,6.0,6.0,5.0,5.5,Altijd waar,Altijd waar,Soms waar,Soms waar,Zelden waar,Zelden waar,Soms waar,Soms waar,Soms waar,Soms waar,30.0,Nee,,,,,,,,,,,,,,,,,,,,,,,,,,,
,19.7,Uitwonend,8000.0,7.0,7.0,7.0,3.0,2.0,,3.0,1.0,30.0,4.0,,10.0,4092.0,10.0,,7.0,7.0,7.0,5.0,5.0,5.0,Altijd waar,Altijd waar,Altijd waar,Soms waar,Soms waar,Soms waar,Soms waar,Altijd waar,Altijd waar,Soms waar,35.0,Ja,Smartwatch,7683.0,6046.0,6237.0,7281.0,6876.0,6402.0,8037.0,,,,,,,,7.0,1.0,15.0,5.0,0.0,20.0,1.0,,,4600.0,,
Vrouw,18.9,Thuiswonend,4000.0,3.0,4.0,3.5,0.0,,,0.0,,,1.0,2.0,30.0,495.0,10.0,0.0,7.0,7.0,7.0,1.0,6.0,3.5,Altijd waar,Altijd waar,Altijd waar,Altijd waar,Altijd waar,Altijd waar,Altijd waar,Altijd waar,Altijd waar,Altijd waar,40.0,Nee,Huawei smartwatch,4170.0,5848.0,14604.0,1515.0,7780.0,11828.0,5274.0,nvt,nvt,nvt,nvt,nvt,nvt,nvt,2.0,1.0,30.0,2.0,0.0,55.0,6.0,0.0,35.0,2573.0,6.0,0.0
Vrouw,21.0,Thuiswonend,6000.0,5.0,4.0,4.5,3.0,1.0,,5.0,,20.0,7.0,,30.0,2533.0,9.0,,5.0,6.0,5.5,4.0,5.0,4.5,Soms waar,Altijd waar,Soms waar,Soms waar,Soms waar,Soms waar,Altijd waar,Altijd waar,Soms waar,Soms waar,33.0,Ja,Apple watch,6567.0,11683.0,8854.0,6976.0,6921.0,5294.0,10013.0,,,,,,,,2.0,1.0,0.0,5.0,0.0,30.0,5.0,0.0,20.0,1890.0,,
Man,23.5,Thuiswonend,10000.0,7.0,7.0,7.0,7.0,2.0,,4.0,,30.0,7.0,1.0,,8586.0,6.0,,7.0,7.0,7.0,4.0,6.0,5.0,Altijd waar,Altijd waar,Soms waar,Altijd waar,Altijd waar,Altijd waar,Altijd waar,Soms waar,Altijd waar,Altijd waar,38.0,Ja,smartphone,12648.0,17600.0,9549.0,14519.0,2967.0,13067.0,9653.0,"judotraining, 4000, 1.5 uur","hockeytraining, 8000, 2 uur","hockeytraining, 6000, 1.5 uur",niks,"hockeywedstrijd, 10000, 2 uur",niks,"hockeytraining + judotraining, 12000, 3 uur",6.0,1.0,30.0,7.0,0.0,30.0,7.0,1.0,0.0,6546.0,6.0,0.0
Vrouw,22.0,Thuiswonend,8000.0,7.0,6.0,6.5,3.0,1.0,,6.0,1.0,,7.0,,,2880.0,7.0,,7.0,7.0,7.0,4.0,4.0,4.0,Altijd waar,Altijd waar,Altijd waar,Altijd waar,Altijd waar,Altijd waar,Altijd waar,Altijd waar,Altijd waar,Altijd waar,40.0,Ja,"Smartphone, met een stappentellerapp",1000.0,6647.0,500.0,10554.0,1000.0,10180.0,6331.0,gehele ochtend tot bijna halverwege de middag. 's middags ook gefietst (25 min) en 1 uur gesport (kunstschaatsen) zonder smartphone bij te hebben. En ook veel rondgelopen in huis zonder smartphone. ,kleinere stukjes lopen (maar telt bij elkaar natuurlijk wel op). Ook gefietst (25 minuten). ,"veel kleinere stukjes gelopen, vaak smartphone niet bijgehad. ","veel stukjes in huis rondgelopen, actief beziggeweest in huis.","smartphone is een groot deel van de dag uitgeschakeld geweest en heeft toen dus ook geen stappen geteld, dus het zullen er best wat meer zijn geweest. ",kleine stukjes in huis rondgelopen. 25 minuten fietsen. 's avonds zwemtraining (40 minuten),kleine stukjes in huis rondlopen. 25 minuten fietsen. ,3.0,1.0,,5.0,1.0,,6.0,,45.0,3531.0,7.0,
Vrouw,23.0,Uitwonend,7000.0,2.0,3.0,2.5,0.0,,,7.0,1.0,,2.0,,20.0,1812.0,5.0,,4.0,4.0,4.0,5.0,6.0,5.5,Altijd waar,Altijd waar,Altijd waar,Soms waar,Zelden waar,Zelden waar,Soms waar,Soms waar,Soms waar,Altijd waar,32.0,Nee,Smartphone,4500.0,19500.0,5000.0,7000.0,6000.0,7500.0,5500.0,,,,,,,,2.0,1.0,,7.0,1.0,30.0,2.0,,15.0,3579.0,6.0,
Vrouw,21.0,Thuiswonend,3000.0,2.0,2.0,2.0,1.0,1.0,,3.0,3.0,,2.0,,10.0,2706.0,10.0,,5.0,5.0,5.0,4.0,5.0,4.5,Soms waar,Soms waar,Zelden waar,Soms waar,Helemaal niet waar,Helemaal niet waar,Zelden waar,Soms waar,Zelden waar,Zelden waar,22.0,Nee,smartphone,12087.0,4242.0,6469.0,5623.0,5962.0,3754.0,5240.0,,,,,,,"tennis, 1 uur",1.0,1.0,,2.0,1.0,,4.0,1.0,,1752.0,10.0,
Vrouw,22.0,Uitwonend,6000.0,3.0,3.0,3.0,2.0,0.0,30.0,4.0,1.0,0.0,7.0,0.0,20.0,1902.0,5.0,0.0,5.0,5.0,5.0,4.0,6.0,5.0,Altijd waar,Altijd waar,Soms waar,Soms waar,Soms waar,Altijd waar,Soms waar,Altijd waar,Altijd waar,Altijd waar,36.0,Nee,Smartphone,4037.0,4811.0,2085.0,6697.0,7017.0,11580.0,13543.0,1000,500,1000,500,500,500,1000,4.0,3.0,0.0,3.0,2.0,0.0,7.0,1.0,0.0,8586.0,5.0,0.0
Man,25.7,Uitwonend,6000.0,7.0,7.0,7.0,2.0,1.0,,3.0,2.0,,7.0,,15.0,2746.5,6.0,30.0,7.0,7.0,7.0,5.0,6.0,5.5,Altijd waar,Altijd waar,Altijd waar,Altijd waar,Altijd waar,Altijd waar,Altijd waar,Helemaal niet waar,Altijd waar,Soms waar,36.0,Ja,Smartphone ,9397.0,9528.0,7342.0,7304.0,10102.0,5504.0,9797.0,,,,,,,,7.0,1.0,30.0,3.0,0.0,30.0,4.0,,20.0,5664.0,6.0,
,,,,,,,,,,,,,,,,,,,,,,,,,,,,,,,,,,,,n.v.t.,smartphone,8710.0,9881.0,7579.0,10038.0,9619.0,9032.0,9106.0,,,,,"examentraining geven waar ik rondloop in de klas, heb 1 uur mn telefoon niet op mijn lijf gehad",,,2.0,0.0,30.0,5.0,0.0,40.0,3.0,0.0,40.0,1676.0,3.0,
Vrouw,21.5,Uitwonend,10000.0,6.0,6.0,6.0,4.0,1.0,0.0,1.0,1.0,0.0,7.0,0.0,15.0,2506.5,5.0,0.0,7.0,7.0,7.0,4.0,2.0,3.0,Altijd waar,Altijd waar,Altijd waar,Altijd waar,Altijd waar,Altijd waar,Altijd waar,Altijd waar,Altijd waar,Altijd waar,40.0,Ja,,,,,,,,,,,,,,,,,,,,,,,,,,,
Vrouw,21.5,Uitwonend,5500.0,5.0,5.0,5.0,2.0,1.0,30.0,7.0,0.0,20.0,1.0,0.0,15.0,2049.5,11.0,30.0,3.0,4.0,3.5,5.0,5.0,5.0,Altijd waar,Altijd waar,Altijd waar,Soms waar,Soms waar,Soms waar,Altijd waar,Altijd waar,Altijd waar,Zelden waar,35.0,Nee,Smartphone samsung galaxy S24,7587.0,5525.0,7339.0,2171.0,3181.0,4766.0,9827.0,Nee,Nee,Nee,Halfuur gewandeld,4 uur gewerkt,Nee,Nee,2.0,1.0,30.0,7.0,0.0,30.0,3.0,0.0,20.0,2478.0,10.0,0.0
Vrouw,20.9,Uitwonend,7135.0,6.0,5.0,5.5,0.0,,,4.0,,30.0,6.0,1.0,10.0,1866.0,8.0,50.0,6.0,6.0,6.0,6.0,5.0,5.5,Soms waar,Soms waar,Zelden waar,Soms waar,Soms waar,Altijd waar,Soms waar,Soms waar,Altijd waar,Soms waar,31.0,Ja,iphone telefoon,8956.0,11611.0,13144.0,5295.0,5917.0,4044.0,10616.0,,,,,,,,0.0,,,7.0,,45.0,7.0,,30.0,1953.0,12.0,
Vrouw,21.5,Uitwonend,,4.0,3.0,3.5,0.0,,,7.0,1.0,0.0,7.0,0.0,30.0,2373.0,7.0,0.0,5.0,5.0,5.0,4.0,4.0,4.0,Altijd waar,Altijd waar,Altijd waar,Soms waar,Altijd waar,Soms waar,Altijd waar,Altijd waar,Altijd waar,Altijd waar,38.0,Nee,smartphone,4210.0,12308.0,7750.0,15824.0,11758.0,9845.0,13457.0,nee,"ja, gewandeld, 45 min",nee,nee,nee,"ja, gewandeld 30 min ",nee,3.0,0.0,45.0,4.0,0.0,45.0,7.0,0.0,30.0,2493.0,5.0,0.0
Vrouw,19.6,Thuiswonend,3000.0,7.0,7.0,7.0,3.0,3.0,0.0,3.0,1.0,0.0,7.0,2.0,0.0,7812.0,10.0,0.0,7.0,7.0,7.0,5.0,5.0,5.0,Altijd waar,Altijd waar,Soms waar,Altijd waar,Soms waar,Soms waar,Zelden waar,Soms waar,Soms waar,Soms waar,32.0,Ja,iPhone 16 pro,4351.0,4651.0,3183.0,6865.0,11842.0,132.0,1099.0,,"Turnen, 2 uur",,"Werk, 4,25 uur",,,,2.0,3.0,0.0,1.0,0.0,10.0,7.0,0.0,40.0,3844.0,10.0,30.0
,21.5,Uitwonend,8000.0,5.0,5.0,5.0,2.0,0.0,50.0,3.0,1.0,15.0,7.0,0.0,30.0,2393.0,10.0,,6.0,6.0,6.0,6.0,5.0,5.5,Soms waar,Altijd waar,Soms waar,Soms waar,Altijd waar,Soms waar,Altijd waar,Soms waar,Altijd waar,Altijd waar,35.0,Ja,smartphonw,10549.0,13549.0,7783.0,5774.0,3882.0,14293.0,17064.0,,,,,,,,3.0,1.0,,2.0,1.0,30.0,7.0,,30.0,2853.0,10.0,
Vrouw,21.0,Thuiswonend,6000.0,0.0,2.0,1.0,0.0,,,7.0,1.0,0.0,7.0,25.0,,36330.0,7.0,,5.0,5.0,5.0,2.0,5.0,3.5,Altijd waar,Altijd waar,Altijd waar,Altijd waar,Soms waar,Zelden waar,Altijd waar,Altijd waar,Soms waar,Altijd waar,36.0,Nee,smartphone,13703.0,6554.0,7796.0,6727.0,6665.0,11612.0,5223.0,nee,nee,nee,nee,nee,"ja, werk, telefoon lag aan lader",nee,0.0,,,7.0,1.0,30.0,5.0,,20.0,2850.0,6.0,
Vrouw,20.0,Thuiswonend,6000.0,4.0,4.0,4.0,1.0,0.0,30.0,5.0,0.0,50.0,7.0,1.0,5.0,2741.5,8.0,0.0,6.0,6.0,6.0,6.0,3.0,4.5,Altijd waar,Altijd waar,Soms waar,Altijd waar,Zelden waar,Soms waar,Soms waar,Altijd waar,Altijd waar,Altijd waar,35.0,Ja,smartphone,7727.0,7030.0,6190.0,2186.0,2577.0,6776.0,6018.0,,,,,,,,0.0,,,5.0,1.0,0.0,7.0,1.0,40.0,3510.0,8.0,40.0
Man,22.8,Thuiswonend,4500.0,3.0,3.0,3.0,2.0,2.0,0.0,3.0,1.0,30.0,7.0,0.0,30.0,3693.0,4.0,,7.0,6.0,6.5,5.0,5.0,5.0,Altijd waar,Soms waar,Zelden waar,Zelden waar,Soms waar,Soms waar,Altijd waar,Altijd waar,Soms waar,Soms waar,31.0,Ja,,,,,,,,,,,,,,,,,,,,,,,,,,,
,22.0,Uitwonend,9000.0,3.0,4.0,3.5,1.0,1.0,,4.0,2.0,,7.0,4.0,,7944.0,6.0,,4.0,4.0,4.0,3.0,5.0,4.0,Soms waar,Altijd waar,Soms waar,Zelden waar,Zelden waar,Soms waar,Altijd waar,Soms waar,Zelden waar,Zelden waar,28.0,Nee,,,,,,,,,,,,,,,,,,,,,,,,,,,
Vrouw,24.1,Uitwonend,9000.0,6.0,6.0,6.0,4.0,1.0,30.0,6.0,0.0,20.0,6.0,,30.0,3954.0,6.0,,7.0,7.0,7.0,6.0,5.0,5.5,Altijd waar,Altijd waar,Soms waar,Soms waar,Soms waar,Soms waar,Altijd waar,Altijd waar,Altijd waar,Altijd waar,36.0,Ja,smartphone,10640.0,17586.0,15356.0,11048.0,5501.0,13827.0,7416.0,,hockeytraining van 2 uur,,een hockeywedstrijd van totaal met inlopen anderhalf uur.,,,hockeytraining van 2 uur,4.0,2.0,,5.0,0.0,30.0,5.0,0.0,40.0,5100.0,8.0,
Man,,Uitwonend,,6.0,5.0,5.5,4.0,2.0,0.0,6.0,0.0,45.0,7.0,0.0,20.0,5382.0,5.0,0.0,5.0,6.0,5.5,5.0,4.0,4.5,Altijd waar,Altijd waar,Soms waar,Soms waar,Soms waar,Altijd waar,Soms waar,Soms waar,Altijd waar,Soms waar,34.0,Ja,Smartphone gezondheid app,9165.0,12849.0,7866.0,13830.0,4524.0,11257.0,12017.0,"Hockeytraining, ruim 2 uur",,"Hockeytraining, 2 uur",,"Hockeywedstrijd, 2 uur",,,5.0,2.0,,3.0,,20.0,7.0,,30.0,5733.0,6.0,
Man,22.6,Thuiswonend,8000.0,5.0,5.0,5.0,4.0,1.0,45.0,1.0,5.0,,5.0,,20.0,4890.0,8.0,,7.0,7.0,7.0,2.0,5.0,3.5,Altijd waar,Altijd waar,Soms waar,Soms waar,Soms waar,Altijd waar,Altijd waar,Altijd waar,Altijd waar,Altijd waar,37.0,Ja,smartphone,16265.0,9785.0,9275.0,8134.0,13448.0,9967.0,10055.0,nee,nee,"Voetbal training 1,5 uur",nee,nee,voetbal training 1 uur,nee,2.0,1.0,30.0,1.0,5.0,,7.0,,30.0,3333.0,6.0,
Man,24.9,Uitwonend,6000.0,4.0,5.0,4.5,2.0,1.0,30.0,3.0,1.0,15.0,5.0,0.0,20.0,2670.0,6.0,30.0,4.0,4.0,4.0,4.0,3.0,3.5,Soms waar,Altijd waar,Soms waar,Zelden waar,Soms waar,Soms waar,Altijd waar,Soms waar,Altijd waar,Soms waar,32.0,Ja,smartphone,9694.0,11111.0,10067.0,9262.0,12528.0,5702.0,7201.0,"voetbal training 1,5 uur",,,,,,,2.0,1.0,30.0,5.0,0.0,45.0,5.0,0.0,30.0,2835.0,5.0,30.0
Vrouw,20.0,Uitwonend,6500.0,6.0,4.0,5.0,3.0,1.0,15.0,5.0,0.0,45.0,6.0,,,2700.0,8.0,,6.0,6.0,6.0,4.0,6.0,5.0,Soms waar,Altijd waar,Soms waar,Soms waar,Soms waar,Soms waar,Altijd waar,Soms waar,Altijd waar,Altijd waar,34.0,Nee,smartphone,7776.0,6344.0,3424.0,4446.0,1270.0,6184.0,6923.0,,,,,,,,3.0,2.0,,5.0,,40.0,5.0,,15.0,3927.5,8.0,
Man,21.0,Uitwonend,8000.0,2.0,3.0,2.5,2.0,1.0,30.0,1.0,0.0,30.0,7.0,0.0,15.0,1906.5,4.0,0.0,6.0,6.0,6.0,2.0,6.0,4.0,Zelden waar,Altijd waar,Soms waar,Soms waar,Soms waar,Soms waar,Zelden waar,Altijd waar,Soms waar,Zelden waar,29.0,Ja,smartphone,3787.0,3093.0,2548.0,4386.0,3802.0,11011.0,4794.0,,,,1 uur lang padellen,,,,1.0,1.0,,0.0,,,7.0,,30.0,1173.0,5.0,
Man,18.8,Uitwonend,5500.0,4.0,5.0,4.5,1.0,0.0,30.0,6.0,1.0,30.0,6.0,,15.0,2697.0,7.0,,5.0,6.0,5.5,2.0,3.0,2.5,Soms waar,Altijd waar,Zelden waar,Soms waar,Altijd waar,Soms waar,Soms waar,Soms waar,Zelden waar,Altijd waar,31.0,Nee,Smartphone,5958.0,9727.0,6323.0,4265.0,1690.0,5352.0,8181.0,,,,,,,,2.0,,20.0,5.0,1.0,,5.0,,30.0,2015.0,7.0,
Vrouw,21.3,Thuiswonend,5100.0,4.0,4.0,4.0,2.0,4.0,15.0,4.0,2.0,0.0,5.0,0.0,45.0,6742.5,8.0,,5.0,5.0,5.0,4.0,4.0,4.0,Altijd waar,Soms waar,Soms waar,Soms waar,Zelden waar,Soms waar,Altijd waar,Zelden waar,Altijd waar,Zelden waar,30.0,Ja,Iphone ,11387.0,5007.0,9447.0,5004.0,1785.0,6948.0,5399.0,,,,,,,,2.0,2.0,0.0,3.0,2.0,0.0,2.0,1.0,30.0,3954.0,8.0,0.0
Vrouw,20.5,Thuiswonend,6000.0,3.0,4.0,3.5,2.0,0.0,40.0,5.0,0.0,30.0,3.0,1.0,,1834.0,11.0,,5.0,6.0,5.5,6.0,4.0,5.0,Soms waar,Altijd waar,Soms waar,Soms waar,Zelden waar,Soms waar,Altijd waar,Altijd waar,Altijd waar,Soms waar,33.0,Nee,smartwatch - Garmin venu 2s,9056.0,11808.0,6747.0,3985.0,5044.0,3611.0,8513.0,nee,nee,nee,nee,nee,nee,nee,2.0,0.0,45.0,5.0,,20.0,4.0,,45.0,1714.0,10.0,
Vrouw,25.2,Uitwonend,8000.0,5.0,5.0,5.0,2.0,1.0,30.0,6.0,,40.0,5.0,,15.0,2647.5,6.0,,7.0,7.0,7.0,5.0,6.0,5.5,Altijd waar,Altijd waar,Altijd waar,Altijd waar,Altijd waar,Altijd waar,Altijd waar,Altijd waar,Altijd waar,Altijd waar,40.0,Ja,smartwatch en smartphone ,5723.0,6626.0,5495.0,11495.0,8312.0,6653.0,5693.0,"ja, turn training duur was 1,5 uur ",,,,,,,1.0,1.0,30.0,7.0,,20.0,2.0,5.0,,3260.0,5.0,
Man,25.6,Uitwonend,8000.0,2.0,3.0,2.5,4.0,1.0,,4.0,2.0,,7.0,,30.0,4533.0,8.0,,2.0,2.0,2.0,5.0,5.0,5.0,Zelden waar,Soms waar,Soms waar,Zelden waar,Soms waar,Zelden waar,Zelden waar,Zelden waar,Soms waar,Zelden waar,24.0,Nee,Smartphone,2500.0,361.0,1846.0,1544.0,967.0,12235.0,9965.0,Nee,Nee,Nee,Nee,Nee,Nee,Nee,2.0,1.0,,3.0,1.0,,3.0,,15.0,1828.5,6.0,
Man,17.7,Thuiswonend,6000.0,4.0,4.0,4.0,2.0,2.0,,7.0,2.0,30.0,7.0,1.0,,7506.0,10.0,,6.0,6.0,6.0,2.0,5.0,3.5,Altijd waar,Soms waar,Soms waar,Soms waar,Zelden waar,Zelden waar,Altijd waar,Altijd waar,Soms waar,Zelden waar,30.0,Ja,Smartphone,7357.0,6205.0,6438.0,6407.0,7954.0,14019.0,6967.0,,1500,,,,,,4.0,1.0,30.0,6.0,,40.0,7.0,,,3840.0,10.0,
Vrouw,20.7,Uitwonend,8000.0,4.0,5.0,4.5,2.0,1.0,30.0,5.0,0.0,30.0,7.0,2.0,,4812.0,7.0,,7.0,7.0,7.0,4.0,5.0,4.5,Soms waar,Altijd waar,Altijd waar,Soms waar,Zelden waar,Altijd waar,Altijd waar,Altijd waar,Altijd waar,Altijd waar,36.0,Nee,smartphone,6631.0,5153.0,6820.0,2501.0,492.0,9813.0,10104.0,,,,,,,,4.0,4.0,30.0,3.0,1.0,,3.0,,30.0,9657.0,5.0,
Vrouw,18.8,Uitwonend,10000.0,5.0,4.0,4.5,2.0,1.0,10.0,4.0,1.0,5.0,7.0,1.0,30.0,4239.0,7.0,15.0,7.0,6.0,6.5,4.0,4.0,4.0,Soms waar,Soms waar,Zelden waar,Soms waar,Altijd waar,Zelden waar,Altijd waar,Soms waar,Helemaal niet waar,Soms waar,28.0,Nee,iphone smartphone,8913.0,8200.0,10299.0,13831.0,9851.0,9625.0,11482.0,,,,,,,,0.0,,,5.0,1.0,10.0,7.0,1.0,30.0,3479.0,4.0,45.0
Vrouw,21.0,Uitwonend,7000.0,3.0,2.0,2.5,1.0,,,2.0,,,5.0,,,0.0,4.0,30.0,6.0,5.0,5.5,5.0,5.0,5.0,Altijd waar,Altijd waar,Soms waar,Soms waar,Soms waar,Soms waar,Altijd waar,Altijd waar,Altijd waar,Soms waar,35.0,Nee,smartphone,4723.0,6039.0,8103.0,9128.0,8955.0,9956.0,11513.0,nee,nee,nee,nee,nee,nee,nee,2.0,,,7.0,,,7.0,,,0.0,6.0,
Vrouw,20.0,Thuiswonend,7000.0,5.0,4.0,4.5,2.0,5.0,,6.0,,30.0,5.0,,30.0,6015.0,9.0,30.0,6.0,7.0,6.5,6.0,6.0,6.0,Soms waar,Soms waar,Soms waar,Soms waar,Zelden waar,Soms waar,Altijd waar,Altijd waar,Soms waar,Altijd waar,32.0,Ja,smartphone,6958.0,10718.0,5568.0,4138.0,4358.0,6429.0,6507.0,,,,,,,,1.0,2.0,0.0,5.0,1.0,30.0,5.0,0.0,20.0,3090.0,9.0,30.0
,67.8,Thuiswonend,5000.0,4.0,5.0,4.5,1.0,2.0,120.0,4.0,4.0,30.0,7.0,1.0,10.0,7857.0,8.0,,6.0,5.0,5.5,4.0,4.0,4.0,Altijd waar,Altijd waar,Altijd waar,Soms waar,Soms waar,Altijd waar,Altijd waar,Altijd waar,Soms waar,Altijd waar,37.0,Ja,Iphone 12,7184.0,4929.0,4993.0,7587.0,908.0,7055.0,6578.0,,,,,,,,1.0,1.0,30.0,4.0,1.0,10.0,5.0,0.0,10.0,2005.0,9.0,
Man,23.5,Thuiswonend,5000.0,7.0,7.0,7.0,5.0,1.0,0.0,5.0,0.0,30.0,7.0,1.0,30.0,5079.0,10.0,0.0,6.0,7.0,6.5,5.0,5.0,5.0,Altijd waar,Altijd waar,Altijd waar,Soms waar,Zelden waar,Altijd waar,Altijd waar,Altijd waar,Altijd waar,Soms waar,36.0,Ja,Via de Samsung Health app op de Samsung S24+,4622.0,5415.0,1343.0,7129.0,1755.0,3893.0,3926.0,15min op de loopband (niveau 10),15min op de stairmaster (niveau 7),15min op de loopband (niveau 10),15min op de stairmaster (niveau 7),15min op de loopband (niveau 10),,15min op de loopband (niveau 10),6.0,1.0,0.0,7.0,0.0,30.0,7.0,1.0,0.0,5106.0,8.0,0.0
Man,23.5,Thuiswonend,8000.0,6.0,6.0,6.0,5.0,1.0,30.0,4.0,1.0,0.0,3.0,0.0,15.0,4708.5,4.0,0.0,7.0,7.0,7.0,4.0,5.0,4.5,Soms waar,Altijd waar,Altijd waar,Altijd waar,Soms waar,Soms waar,Altijd waar,Altijd waar,Altijd waar,Altijd waar,37.0,Ja,,,,,,,,,,,,,,,,,,,,,,,,,,,
Vrouw,24.5,Thuiswonend,6000.0,5.0,4.0,4.5,2.0,2.0,0.0,5.0,1.0,0.0,6.0,0.0,30.0,3714.0,9.0,0.0,6.0,6.0,6.0,5.0,5.0,5.0,Altijd waar,Altijd waar,Altijd waar,Soms waar,Altijd waar,Altijd waar,Soms waar,Altijd waar,Altijd waar,Soms waar,37.0,Ja,smartphone,5064.0,5417.0,5156.0,9184.0,4903.0,7443.0,11058.0,,1 uur loopband in sportschool en 1 uur krachttraining benen.,"0,5 uur hardlopen",,"20 min loopband in sportschool en 1,5 uur krachttraining full body workout",,,2.0,1.0,30.0,3.0,0.0,30.0,5.0,0.0,45.0,2542.5,6.0,30.0
Man,23.3,Thuiswonend,9000.0,6.0,7.0,6.5,5.0,2.0,30.0,4.0,1.0,0.0,7.0,0.0,45.0,7999.5,3.0,0.0,7.0,7.0,7.0,3.0,7.0,5.0,Altijd waar,Altijd waar,Altijd waar,Altijd waar,Altijd waar,Altijd waar,Altijd waar,Altijd waar,Altijd waar,Soms waar,39.0,Ja,Health app ios,10720.0,7402.0,7785.0,7765.0,7043.0,11530.0,9000.0,Nee,Nee,Nee,Nee,Nee,Nee,Nee,6.0,2.0,10.0,6.0,0.0,30.0,7.0,1.0,0.0,8346.0,2.0,0.0
Man,25.5,Uitwonend,6000.0,2.0,5.0,3.5,1.0,,30.0,7.0,3.0,,7.0,1.0,,6666.0,60.0,,4.0,5.0,4.5,1.0,3.0,2.0,Soms waar,Zelden waar,Altijd waar,Zelden waar,Helemaal niet waar,Helemaal niet waar,Soms waar,Soms waar,Soms waar,Zelden waar,24.0,Nee,Apple smartphone,5057.0,7236.0,6328.0,3817.0,8178.0,4328.0,5361.0,,,,,,,,1.0,,30.0,6.0,1.0,,7.0,,45.0,2719.5,40.0,
Man,24.6,Uitwonend,,5.0,4.0,4.5,5.0,1.0,30.0,5.0,0.0,30.0,7.0,,15.0,4546.5,6.0,0.0,6.0,6.0,6.0,7.0,5.0,6.0,Soms waar,Altijd waar,Soms waar,Altijd waar,Soms waar,Altijd waar,Altijd waar,Altijd waar,Altijd waar,Soms waar,36.0,Ja,,,,,,,,,,,,,,,,,,,,,,,,,,,
Man,21.0,Thuiswonend,7500.0,4.0,5.0,4.5,1.0,1.0,0.0,7.0,1.0,0.0,7.0,0.0,30.0,2853.0,,,6.0,6.0,6.0,3.0,4.0,3.5,Altijd waar,Altijd waar,Altijd waar,Altijd waar,Soms waar,Soms waar,Soms waar,Altijd waar,Altijd waar,Altijd waar,37.0,Nee,Casio G-SHOCK GBD-800 horloge,10200.0,8500.0,6200.0,19000.0,12000.0,16000.0,10000.0,,,,,,,,2.0,,,6.0,,,7.0,,,0.0,10.0,
Vrouw,24.0,Uitwonend,10000.0,7.0,7.0,7.0,3.0,1.0,,3.0,3.0,,7.0,3.0,,7758.0,4.0,,7.0,7.0,7.0,4.0,2.0,3.0,Altijd waar,Altijd waar,Altijd waar,Altijd waar,Altijd waar,Altijd waar,Altijd waar,Altijd waar,Altijd waar,Altijd waar,40.0,Ja,Smartphone,19764.0,13221.0,6572.0,11591.0,14495.0,14311.0,12306.0,,,,,,,,2.0,1.0,,,,,7.0,2.0,,3732.0,4.0,
Man,20.2,Uitwonend,5000.0,5.0,4.0,4.5,1.0,2.0,0.0,2.0,0.0,30.0,5.0,0.0,30.0,1695.0,6.0,0.0,5.0,5.0,5.0,4.0,5.0,4.5,Soms waar,Altijd waar,Soms waar,Altijd waar,Altijd waar,Altijd waar,Altijd waar,Altijd waar,Altijd waar,Soms waar,37.0,Ja,Smartwatch,12895.0,20306.0,14448.0,2412.0,10883.0,5088.0,8639.0,,,,,,Klimsessie,"Berendokter, zonder smartwatch 3.5 uur gelopen",2.0,3.0,30.0,3.0,1.0,0.0,4.0,0.0,15.0,4278.0,10.0,0.0
Vrouw,23.8,Uitwonend,7500.0,6.0,5.0,5.5,3.0,1.0,15.0,4.0,0.0,30.0,6.0,0.0,20.0,2676.0,7.0,,5.0,7.0,6.0,4.0,5.0,4.5,Altijd waar,Altijd waar,Altijd waar,Soms waar,Altijd waar,Altijd waar,Altijd waar,Altijd waar,Altijd waar,Soms waar,38.0,Ja,Via de gezondheidsapp op mijn iphone ,11197.0,11209.0,16709.0,5669.0,5036.0,5080.0,9062.0,,,,,,"Voetballen, 70 minuten","Hardlopen, 45 minuten",2.0,0.0,35.0,6.0,1.0,10.0,5.0,0.0,30.0,2735.0,6.0,
,,,,,,,,,,,,,,,,,,,,,,,,,,,,,,,,,,,,,iPhone ,13865.0,9390.0,6300.0,5301.0,7610.0,8514.0,15817.0,,,Ik had een diner waarbij ik een jurk aan had zonder zakken dus in de avond vanaf 18:30 waren mijn stappen niet geteld ,,,,,4.0,0.0,30.0,5.0,1.0,0.0,6.0,0.0,25.0,2655.0,7.0,0.0
,,,,,,,,,,,,,,,,,,,,,,,,,,,,,,,,,,,,,Garmin sporthorloge,32022.0,20511.0,16292.0,22431.0,12258.0,12096.0,19434.0,nee,nee,nee,nee,nee,nee,nee,3.0,1.0,,3.0,2.0,0.0,3.0,0.0,15.0,3028.5,5.0,0.0
,,,,,,,,,,,,,,,,,,,,,,,,,,,,,,,,,,,,,Smartphone,8760.0,7331.0,6404.0,7135.0,3477.0,5799.0,6248.0,,,"Boulderen, muurklimmen waarbij je veel door een hal loopt zonder telefoon (2u)",,"Boulderen (2,5u)",Boulderen(2u),,5.0,2.0,0.0,6.0,0.0,20.0,1.0,0.0,30.0,5379.0,5.0,0.0
,,,,,,,,,,,,,,,,,,,,,,,,,,,,,,,,,,,,,Smartphone,5330.0,6701.0,7994.0,13542.0,8946.0,13293.0,1734.0,,,,,,,,0.0,,,7.0,0.0,30.0,7.0,1.0,0.0,2226.0,10.0,0.0
,,,,,,,,,,,,,,,,,,,,,,,,,,,,,,,,,,,,,Smartphone,13673.0,7860.0,9673.0,21172.0,11317.0,10805.0,10770.0,,,,,,,,2.0,1.0,0.0,7.0,0.0,20.0,7.0,0.0,30.0,2213.0,5.0,30.0
,,,,,,,,,,,,,,,,,,,,,,,,,,,,,,,,,,,,,Smartphone,3065.0,6311.0,6599.0,3245.0,13131.0,17686.0,4986.0,Lange wandeling van een uur met de hond. Telefoon niet mee.,,,,,,,3.0,2.0,25.0,3.0,1.0,,7.0,3.0,,8358.0,,
,,,,,,,,,,,,,,,,,,,,,,,,,,,,,,,,,,,,,smartphone,1261.0,4315.0,587.0,640.0,2153.0,4965.0,3843.0,,,,,,,,0.0,,,0.0,,,5.0,,34.0,561.0,8.0,
,,,,,,,,,,,,,,,,,,,,,,,,,,,,,,,,,,,,,iPhone 13,1144.0,13610.0,8760.0,9092.0,11359.0,2404.0,7845.0,ik heb zonder telefoon hardgelopen voor 45 min,,,,,ik heb hardgelopen zonder telefoon voor 45 min,,3.0,1.0,,4.0,3.0,,6.0,1.0,,5508.0,4.0,
,,,,,,,,,,,,,,,,,,,,,,,,,,,,,,,,,,,,,Garmin smartwatch,5360.0,9840.0,3083.0,2202.0,2873.0,6185.0,13554.0,,,,,,,,0.0,,,0.0,,,1.0,0.0,45.0,148.5,6.0,
,,,,,,,,,,,,,,,,,,,,,,,,,,,,,,,,,,,,,Apple watch,10093.0,7065.0,10602.0,2422.0,10022.0,11106.0,6260.0,,,,,,,,,,,,,,,,,0.0,,
,,,,,,,,,,,,,,,,,,,,,,,,,,,,,,,,,,,,,telefoon,7677.0,9361.0,9546.0,20696.0,7276.0,7930.0,9888.0,1 uur; telefoon lag aan lader,1 uur; telefoon lag aan lader,1 uur; telefoon lag aan lader,1 uur; telefoon lag aan lader,1 uur; telefoon lag aan lader,1 uur; telefoon lag aan lader,1 uur; telefoon lag aan lader,2.0,4.0,0.0,5.0,2.0,0.0,7.0,0.0,45.0,7279.5,8.0,0.0
,,,,,,,,,,,,,,,,,,,,,,,,,,,,,,,,,,,,,Telefoon,8918.0,18451.0,5338.0,10038.0,3220.0,6101.0,9452.0,"Ja, tennistraining 1 uur.",Nee,Nee,Nee,Nee,"Ja, tennistraining 1 uur.",Nee,0.0,,,2.0,1.0,,4.0,0.0,30.0,876.0,10.0,
,,,,,,,,,,,,,,,,,,,,,,,,,,,,,,,,,,,,,Telefoon,12482.0,7527.0,10205.0,10635.0,2517.0,2194.0,8862.0,,,,,Ik heb 7 uur lang gewerkt,,,1.0,0.0,40.0,2.0,5.0,,3.0,3.0,,4502.0,6.0,
,,,,,,,,,,,,,,,,,,,,,,,,,,,,,,,,,,,,,Smartphone,6700.0,15942.0,13755.0,4678.0,10615.0,5032.0,10204.0,,,,,,,,3.0,1.0,0.0,4.0,0.0,45.0,7.0,0.0,50.0,3315.0,5.0,0.0
,,,,,,,,,,,,,,,,,,,,,,,,,,,,,,,,,,,,,smartphone,5593.0,6334.0,11495.0,15711.0,1912.0,7983.0,10672.0,-,1 uur sporten,-,-,-,-,-,1.0,1.0,0.0,4.0,,20.0,7.0,1.0,,2186.0,6.0,
,,,,,,,,,,,,,,,,,,,,,,,,,,,,,,,,,,,,,smartphone(samsung galaxy a52) en smartwatch(galaxy watch active 2),6963.0,6966.0,940.0,7309.0,1544.0,8688.0,5302.0,fietsen van en naar station 20min,fietsen van en naar station 20min,,bolderen 1.5uur,,fietsen van en naar station 20min,fietsen van en naar station 20min,1.0,1.0,30.0,5.0,0.0,20.0,6.0,3.0,0.0,4684.0,9.0,0.0
,,,,,,,,,,,,,,,,,,,,,,,,,,,,,,,,,,,,,telefoon,16500.0,25400.0,11300.0,9700.0,14200.0,11900.0,15800.0,,,,,,,,6.0,1.0,0.0,7.0,1.0,30.0,7.0,,30.0,6093.0,7.0,
,,,,,,,,,,,,,,,,,,,,,,,,,,,,,,,,,,,,,op mijn telefoon met de 'health' app,6740.0,12410.0,7719.0,373.0,5730.0,9263.0,8873.0,-,-,-,"Ik ben heel de dag thuis geweest maar heb wel veel rond gelopen, opgeruimd, etc., terwijl mijn telefoon aan de oplader lag. Ik ben ongeveer 4 uur totaal bezig geweest.",-,-,-,0.0,,,7.0,1.0,30.0,5.0,,20.0,2850.0,5.0,
,,,,,,,,,,,,,,,,,,,,,,,,,,,,,,,,,,,,,iphone,5678.0,7463.0,7069.0,24013.0,20568.0,1908.0,11530.0,,,,,,,,4.0,1.0,10.0,7.0,1.0,30.0,4.0,1.0,,5552.0,6.0,
